{
  "type": "FeatureCollection",
  "features": [
    {
      "type": "Feature",
      "geometry": {
        "type": "Polygon",
        "coordinates": [
          [
            [
              103.86371682557947,
              1.2770237527098887
            ],
            [
              103.86326030397412,
              1.2773174451554659
            ],
            [
              103.86317712079348,
              1.2772979697276954
            ],
            [
              103.86280026861881,
              1.2767112276177224
            ],
            [
              103.86281742976037,
              1.2766313358290264
            ],
            [
              103.86326602894327,
              1.2763412646323433
            ],
            [
              103.86371682557947,
              1.2770237527098887
            ]
          ]
        ]
      },
      "properties": {
        "SITE_ID": 1060,
        "SITE_GRP_ID": 1060,
        "NAME_GLS": "Marina Gardens Lane",
        "LOCATION": "Marina Gardens Lane",
        "GLS_FINAL": "2H2026 (CL)",
        "AREA_TYPE": null,
        "SALE_AGENT": "URA",
        "SITE_STATUS": "Upcoming",
        "SA_SQM": 6007.4,
        "GPR": 5.6,
        "HOUSING_UN": 390,
        "HOTEL_RM": null,
        "COM_SQM": 150,
        "DATE_LNCH_EST": "Aug-2026",
        "URL_WEB": "https://www.ura.gov.sg/corporate/land-sales/sites-for-application/marina-gardens-lane-oct24",
        "URL_DOCS": null,
        "GFA_Cap": "yes, retail cap of 150 sqm GFA",
        "DU_Cap": "no"
      }
    },
    {
      "type": "Feature",
      "geometry": {
        "type": "Polygon",
        "coordinates": [
          [
            [
              103.7388793639121,
              1.331187651068235
            ],
            [
              103.73879777928478,
              1.3312435375764216
            ],
            [
              103.73861632754155,
              1.3313678335005064
            ],
            [
              103.73861479187184,
              1.331368860797891
            ],
            [
              103.73861322026094,
              1.331369861867343
            ],
            [
              103.73861161270887,
              1.3313708358045
            ],
            [
              103.73860997011427,
              1.3313717808006729
            ],
            [
              103.73860829247718,
              1.3313726950471383
            ],
            [
              103.73860658069621,
              1.331373577639569
            ],
            [
              103.73860483567002,
              1.3313744258649145
            ],
            [
              103.73860305739859,
              1.3313752397231575
            ],
            [
              103.73860124857774,
              1.331376016501317
            ],
            [
              103.73859940830889,
              1.3313767552950133
            ],
            [
              103.73859753838924,
              1.3313774542955583
            ],
            [
              103.73859563971743,
              1.331378111694297
            ],
            [
              103.73859371409054,
              1.331378727491265
            ],
            [
              103.73859176330585,
              1.3313792980690846
            ],
            [
              103.7385897873633,
              1.3313798243321346
            ],
            [
              103.73858778806013,
              1.3313803035673988
            ],
            [
              103.73858576719341,
              1.3313807357749132
            ],
            [
              103.73858372745894,
              1.3313811182417299
            ],
            [
              103.73858166885672,
              1.3313814509678323
            ],
            [
              103.73857959408245,
              1.3313817330489457
            ],
            [
              103.73857750493326,
              1.3313819635807953
            ],
            [
              103.73857540230779,
              1.3313821407546915
            ],
            [
              103.73857328980024,
              1.3313822645707742
            ],
            [
              103.73857116830918,
              1.33138233502906
            ],
            [
              103.73856904053034,
              1.3313823503209306
            ],
            [
              103.73856690736226,
              1.3313823113507985
            ],
            [
              103.73856477239914,
              1.3313822172144423
            ],
            [
              103.73856263653963,
              1.3313820670075165
            ],
            [
              103.73856050247934,
              1.3313818616344884
            ],
            [
              103.73855837291397,
              1.3313816001911167
            ],
            [
              103.73855624874203,
              1.3313812835817813
            ],
            [
              103.73855413265916,
              1.3313809127109484
            ],
            [
              103.73855202646251,
              1.3313804857699807
            ],
            [
              103.73854993284772,
              1.331380005472068
            ],
            [
              103.73854785361185,
              1.3313794709129012
            ],
            [
              103.73854579145056,
              1.331378882996963
            ],
            [
              103.73854374726238,
              1.3313782426286334
            ],
            [
              103.7385417228444,
              1.3313775507123609
            ],
            [
              103.73853972179076,
              1.3313768081526456
            ],
            [
              103.73853774410142,
              1.3313760167582287
            ],
            [
              103.73853579247206,
              1.3313751765291808
            ],
            [
              103.73853386869969,
              1.3313742892743117
            ],
            [
              103.73853197368281,
              1.3313733568023969
            ],
            [
              103.73853011011708,
              1.3313723791135406
            ],
            [
              103.7385282780024,
              1.3313713589208114
            ],
            [
              103.73852648003441,
              1.3313702971286923
            ],
            [
              103.73852471621302,
              1.331369195545907
            ],
            [
              103.73852298923389,
              1.3313680550769218
            ],
            [
              103.73852129909689,
              1.331366878434822
            ],
            [
              103.73851964759909,
              1.3313656665240559
            ],
            [
              103.73851803474041,
              1.3313644220576923
            ],
            [
              103.73851646231795,
              1.331363145035834
            ],
            [
              103.73851493033156,
              1.3313618390758954
            ],
            [
              103.73851344057836,
              1.3313605050823407
            ],
            [
              103.73851199215967,
              1.3313591448638256
            ],
            [
              103.73851058597398,
              1.3313577602291589
            ],
            [
              103.73850922291984,
              1.3313563529870653
            ],
            [
              103.73850790209855,
              1.3313549249462509
            ],
            [
              103.73850662530722,
              1.3313534770111466
            ],
            [
              103.73850539164717,
              1.3313520127991652
            ],
            [
              103.73850420111836,
              1.3313505323103232
            ],
            [
              103.73850305461931,
              1.3313490373533625
            ],
            [
              103.7385019503528,
              1.331347530641316
            ],
            [
              103.73850089011589,
              1.331346013078615
            ],
            [
              103.73843250762411,
              1.3312457698953561
            ],
            [
              103.73843176546028,
              1.3312446565953604
            ],
            [
              103.73843104216712,
              1.3312435170695527
            ],
            [
              103.73843033774462,
              1.33124235131795
            ],
            [
              103.73842965398983,
              1.331241160244967
            ],
            [
              103.73842899269992,
              1.3312399429463115
            ],
            [
              103.73842835297629,
              1.3312387012306888
            ],
            [
              103.73842773841311,
              1.3312374350982217
            ],
            [
              103.73842714901038,
              1.3312361454532886
            ],
            [
              103.73842658566663,
              1.331234832295908
            ],
            [
              103.73842604928039,
              1.3312334965305095
            ],
            [
              103.73842554075017,
              1.331232139965818
            ],
            [
              103.73842506277163,
              1.331230761697593
            ],
            [
              103.73842461444617,
              1.3312293635345236
            ],
            [
              103.73842419846939,
              1.3312279472854376
            ],
            [
              103.73842381394276,
              1.3312265120459381
            ],
            [
              103.73842346266328,
              1.3312250605291973
            ],
            [
              103.73842314642802,
              1.3312235936396297
            ],
            [
              103.73842286433843,
              1.3312221113772174
            ],
            [
              103.73842261819154,
              1.3312206164550986
            ],
            [
              103.7384224088859,
              1.3312191088733247
            ],
            [
              103.73842223642137,
              1.3312175913449809
            ],
            [
              103.73842210079798,
              1.3312160638700676
            ],
            [
              103.73842200471132,
              1.331214528257413
            ],
            [
              103.73842194636417,
              1.331212987220049
            ],
            [
              103.73842193561669,
              1.3312120674821244
            ],
            [
              103.73842192755369,
              1.3312114398536508
            ],
            [
              103.73842194738116,
              1.33120988977568
            ],
            [
              103.73842200764372,
              1.33120833698619
            ],
            [
              103.73842210654414,
              1.3312067841981798
            ],
            [
              103.73842224587949,
              1.3312052323160977
            ],
            [
              103.7384224256497,
              1.3312036831486838
            ],
            [
              103.73842264405765,
              1.3312021376002132
            ],
            [
              103.73842290290033,
              1.3312005983838584
            ],
            [
              103.73842320038062,
              1.3311990654995494
            ],
            [
              103.73842353739695,
              1.3311975425647513
            ],
            [
              103.73842391305081,
              1.3311960286750844
            ],
            [
              103.73842432644348,
              1.331194527447978
            ],
            [
              103.73842477757496,
              1.3311930388834146
            ],
            [
              103.73842526554667,
              1.3311915647900838
            ],
            [
              103.73842579035848,
              1.3311901069767256
            ],
            [
              103.73842635021329,
              1.331188666347632
            ],
            [
              103.73842694511103,
              1.3311872438071481
            ],
            [
              103.73842757415308,
              1.3311858420683584
            ],
            [
              103.7384282355423,
              1.331184461131176
            ],
            [
              103.73842892927868,
              1.331183101899963
            ],
            [
              103.73842965356506,
              1.3311817652790112
            ],
            [
              103.73843040750278,
              1.3311804539813883
            ],
            [
              103.73843119109188,
              1.3311791671027153
            ],
            [
              103.7384320016366,
              1.3311779073559904
            ],
            [
              103.73843283913698,
              1.331176672932473
            ],
            [
              103.73843370089725,
              1.3311754674495393
            ],
            [
              103.73843458781597,
              1.3311742900028292
            ],
            [
              103.73843549719749,
              1.331173140592254
            ],
            [
              103.73843642724464,
              1.3311720210264688
            ],
            [
              103.73843737795737,
              1.331170932209835
            ],
            [
              103.73843834843721,
              1.331169872333611
            ],
            [
              103.7384393359884,
              1.3311688441107437
            ],
            [
              103.73844033971237,
              1.331167846636854
            ],
            [
              103.7384413587106,
              1.3311668799119234
            ],
            [
              103.73844239208451,
              1.3311659448402458
            ],
            [
              103.73844343803698,
              1.3311650414217842
            ],
            [
              103.73844449477093,
              1.3311641687520916
            ],
            [
              103.7384455622863,
              1.331163328639908
            ],
            [
              103.73844663878607,
              1.3311625183720444
            ],
            [
              103.73844772337159,
              1.3311617406615681
            ],
            [
              103.73939937489335,
              1.330494669174048
            ],
            [
              103.73916557523143,
              1.3301449835926487
            ],
            [
              103.73916515747678,
              1.3301430518564943
            ],
            [
              103.73899484659024,
              1.3293554587796212
            ],
            [
              103.73892800858523,
              1.3290463674231254
            ],
            [
              103.7389240080261,
              1.3290278648993223
            ],
            [
              103.73935595377961,
              1.3289332488931382
            ],
            [
              103.73939628658786,
              1.3289251202102943
            ],
            [
              103.73962030951806,
              1.3288799702924832
            ],
            [
              103.74003915509972,
              1.328788223207131
            ],
            [
              103.74004439011894,
              1.32878707667331
            ],
            [
              103.74004962603675,
              1.3287859292351332
            ],
            [
              103.74005486195453,
              1.3287847827013066
            ],
            [
              103.74006009697375,
              1.3287836361674508
            ],
            [
              103.74006533289156,
              1.3287824887292397
            ],
            [
              103.74007056880933,
              1.3287813421953782
            ],
            [
              103.74007580382853,
              1.3287801956614882
            ],
            [
              103.74008103974631,
              1.328779048223242
            ],
            [
              103.74008627476552,
              1.3287779016893122
            ],
            [
              103.74009151068327,
              1.3287767551554217
            ],
            [
              103.74009674660104,
              1.328775607717141
            ],
            [
              103.74010198162021,
              1.3287744611831764
            ],
            [
              103.74010721753795,
              1.3287733146492517
            ],
            [
              103.74011245255717,
              1.3287721672109023
            ],
            [
              103.74011768847488,
              1.3287710206769372
            ],
            [
              103.74012292439262,
              1.3287698741429779
            ],
            [
              103.74012815941181,
              1.3287687267045938
            ],
            [
              103.74013339532952,
              1.3287675801705943
            ],
            [
              103.74013863034868,
              1.328766433636566
            ],
            [
              103.74014386626642,
              1.3287652861981818
            ],
            [
              103.74014910218412,
              1.3287641396641476
            ],
            [
              103.74015433720326,
              1.3287629931300848
            ],
            [
              103.740159573121,
              1.328761845691666
            ],
            [
              103.74016480903869,
              1.3287606991575973
            ],
            [
              103.74017004405782,
              1.3287595526235
            ],
            [
              103.74017527997555,
              1.3287584051850465
            ],
            [
              103.74018051499466,
              1.3287572586509093
            ],
            [
              103.74018575091232,
              1.3287561121168117
            ],
            [
              103.74019098683003,
              1.3287549646783234
            ],
            [
              103.74019622184915,
              1.3287538181441514
            ],
            [
              103.7402014577668,
              1.3287526716100195
            ],
            [
              103.74020669278593,
              1.3287515241714625
            ],
            [
              103.7402119287036,
              1.3287503776372904
            ],
            [
              103.74021705229315,
              1.328749467137695
            ],
            [
              103.74022223157768,
              1.3287489672211912
            ],
            [
              103.74022743420916,
              1.328748879695259
            ],
            [
              103.74023262694102,
              1.32874920727174
            ],
            [
              103.74023777742546,
              1.3287499454275822
            ],
            [
              103.74024285421321,
              1.328751091448524
            ],
            [
              103.74024782495661,
              1.3287526371940492
            ],
            [
              103.74025265910518,
              1.3287545736193653
            ],
            [
              103.74025732610855,
              1.3287568880622487
            ],
            [
              103.74026179721348,
              1.3287595669561316
            ],
            [
              103.74026604366694,
              1.3287625922126716
            ],
            [
              103.74027003941153,
              1.328765945743611
            ],
            [
              103.74027375928851,
              1.328769606747641
            ],
            [
              103.74027718083492,
              1.3287735517104693
            ],
            [
              103.74028028158781,
              1.3287777562134249
            ],
            [
              103.7402830426785,
              1.3287821949336112
            ],
            [
              103.74028544703553,
              1.328786838930786
            ],
            [
              103.74028747938456,
              1.3287916592647075
            ],
            [
              103.74028912714695,
              1.3287966260909245
            ],
            [
              103.74029023400138,
              1.3288010159127808
            ],
            [
              103.74029137945973,
              1.3288063119082476
            ],
            [
              103.74029252401954,
              1.3288116069992844
            ],
            [
              103.74029366947791,
              1.3288169029947505
            ],
            [
              103.74029481493629,
              1.3288221980858375
            ],
            [
              103.74029595949611,
              1.328827494081252
            ],
            [
              103.74029710495446,
              1.3288327900766999
            ],
            [
              103.74029825041286,
              1.3288380851677855
            ],
            [
              103.74029939497268,
              1.3288433811631988
            ],
            [
              103.74030054043106,
              1.3288486771586456
            ],
            [
              103.74030168588946,
              1.32885397224973
            ],
            [
              103.74030283044931,
              1.328859268245142
            ],
            [
              103.74030397590772,
              1.3288645633362257
            ],
            [
              103.74030512046755,
              1.3288698593316364
            ],
            [
              103.74030626592595,
              1.328875155327081
            ],
            [
              103.74030741138439,
              1.3288804504181637
            ],
            [
              103.74030855594425,
              1.3288857464135735
            ],
            [
              103.74030970140265,
              1.3288910424090168
            ],
            [
              103.7403108468611,
              1.328896337500098
            ],
            [
              103.74031199142095,
              1.3289016334955064
            ],
            [
              103.74031313687942,
              1.3289069285865867
            ],
            [
              103.74031428233785,
              1.3289122245820286
            ],
            [
              103.74031542689772,
              1.3289175205774357
            ],
            [
              103.74031657235619,
              1.328922815668515
            ],
            [
              103.74031771781463,
              1.3289281116639555
            ],
            [
              103.74031886237455,
              1.3289334067549994
            ],
            [
              103.74032000783299,
              1.3289387027504393
            ],
            [
              103.74032115329146,
              1.3289439987458787
            ],
            [
              103.74032229785139,
              1.3289492938369214
            ],
            [
              103.74032344330985,
              1.3289545898323596
            ],
            [
              103.7403245887683,
              1.3289598858277978
            ],
            [
              103.74032573332825,
              1.3289651809188394
            ],
            [
              103.74032687878672,
              1.3289704769142765
            ],
            [
              103.74032802334668,
              1.3289757720053175
            ],
            [
              103.74032916880516,
              1.3289810680007708
            ],
            [
              103.74033031426364,
              1.3289863639962067
            ],
            [
              103.7403314588236,
              1.3289916590872461
            ],
            [
              103.74033260428209,
              1.3289969550826812
            ],
            [
              103.7403337497406,
              1.329002251078116
            ],
            [
              103.74033489430057,
              1.3290075461691544
            ],
            [
              103.74033603975909,
              1.3290128421645881
            ],
            [
              103.74033718521764,
              1.3290181372556598
            ],
            [
              103.74033832977759,
              1.3290234332510589
            ],
            [
              103.7403394752361,
              1.3290287292464913
            ],
            [
              103.74034062069465,
              1.3290340243375618
            ],
            [
              103.74034176525461,
              1.3290393203329596
            ],
            [
              103.7403429107132,
              1.3290446154240287
            ],
            [
              103.74034405617174,
              1.3290499114194598
            ],
            [
              103.74034520073171,
              1.3290552074148563
            ],
            [
              103.74034634619028,
              1.3290605025059243
            ],
            [
              103.74034749164882,
              1.329065798501354
            ],
            [
              103.74034863620882,
              1.3290710944967492
            ],
            [
              103.7403497816674,
              1.3290763895878162
            ],
            [
              103.7403509262274,
              1.3290816855832108
            ],
            [
              103.74035207168602,
              1.3290869806742767
            ],
            [
              103.74035321714457,
              1.3290922766697046
            ],
            [
              103.74035436170459,
              1.3290975726650975
            ],
            [
              103.7403555071632,
              1.3291028677561625
            ],
            [
              103.74035665262178,
              1.329108163751589
            ],
            [
              103.7403577971818,
              1.3291134597469805
            ],
            [
              103.74035894264043,
              1.3291187548380443
            ],
            [
              103.74036008809902,
              1.3291240508334694
            ],
            [
              103.7403612326591,
              1.3291293459244982
            ],
            [
              103.7403623781177,
              1.3291346419199224
            ],
            [
              103.74036347685816,
              1.3291397588496257
            ],
            [
              103.74036455942458,
              1.3291448784918183
            ],
            [
              103.74036562671543,
              1.329150001750862
            ],
            [
              103.74036667873074,
              1.3291551286267913
            ],
            [
              103.7403677154705,
              1.329160258215244
            ],
            [
              103.74036873693473,
              1.3291653914205483
            ],
            [
              103.74036974222489,
              1.3291705273383418
            ],
            [
              103.74037073223951,
              1.329175665968659
            ],
            [
              103.74037170697858,
              1.3291808082158278
            ],
            [
              103.74037266644213,
              1.3291859531755204
            ],
            [
              103.74037360973162,
              1.3291911008476849
            ],
            [
              103.74037453774554,
              1.3291962521367184
            ],
            [
              103.74037545048398,
              1.3292014052339136
            ],
            [
              103.74037634704831,
              1.3292065619479432
            ],
            [
              103.74037722833715,
              1.3292117204701173
            ],
            [
              103.74037809435045,
              1.329216882609177
            ],
            [
              103.74037894508824,
              1.3292220465563815
            ],
            [
              103.74037977965193,
              1.3292272141204207
            ],
            [
              103.74038059804158,
              1.3292323834925706
            ],
            [
              103.7403814020543,
              1.3292375546729163
            ],
            [
              103.7403821898929,
              1.3292427294700797
            ],
            [
              103.74038299569617,
              1.3292480760969962
            ],
            [
              103.74038380149945,
              1.329253422723896
            ],
            [
              103.74038460730272,
              1.3292587693507951
            ],
            [
              103.74038541400454,
              1.329264115977728
            ],
            [
              103.74038621980782,
              1.3292694626046266
            ],
            [
              103.74038702561107,
              1.3292748101359038
            ],
            [
              103.74038783141435,
              1.329280156762802
            ],
            [
              103.74038863721765,
              1.3292855033896998
            ],
            [
              103.74038944302094,
              1.3292908500165976
            ],
            [
              103.74039024882423,
              1.329296196643495
            ],
            [
              103.74039105462754,
              1.329301543270392
            ],
            [
              103.74039186132939,
              1.32930688989734
            ],
            [
              103.74039266713267,
              1.3293122365242367
            ],
            [
              103.74039347293599,
              1.3293175831511328
            ],
            [
              103.74039427873929,
              1.3293229297780291
            ],
            [
              103.74039508454257,
              1.329328277309287
            ],
            [
              103.74039589034588,
              1.3293336239361995
            ],
            [
              103.74039669614919,
              1.329338970563095
            ],
            [
              103.7403975019525,
              1.3293443171899901
            ],
            [
              103.74039830865439,
              1.3293496638169193
            ],
            [
              103.7403991144577,
              1.3293550104438134
            ],
            [
              103.74039992026104,
              1.329360357070708
            ],
            [
              103.74040072606435,
              1.329365703697619
            ],
            [
              103.74040153186769,
              1.329371050324513
            ],
            [
              103.74040233767103,
              1.3293763969514067
            ],
            [
              103.74040314347432,
              1.3293817444826619
            ],
            [
              103.74040394927766,
              1.3293870911095549
            ],
            [
              103.74040475597955,
              1.3293924377364987
            ],
            [
              103.7404055617829,
              1.3293977843633915
            ],
            [
              103.74040636758625,
              1.3294031309902836
            ],
            [
              103.74040717338961,
              1.329408477617176
            ],
            [
              103.74040797919294,
              1.3294138242440678
            ],
            [
              103.7404087849963,
              1.3294191708709595
            ],
            [
              103.74040959079966,
              1.3294245174978678
            ],
            [
              103.740410396603,
              1.3294298650291205
            ],
            [
              103.7404112033049,
              1.3294352116560457
            ],
            [
              103.74041200910827,
              1.3294405582829363
            ],
            [
              103.74041281491164,
              1.3294459049098264
            ],
            [
              103.74041362071502,
              1.3294512515367334
            ],
            [
              103.74041442651838,
              1.3294565981636233
            ],
            [
              103.74041523232177,
              1.3294619447905132
            ],
            [
              103.74041603812513,
              1.3294672914174024
            ],
            [
              103.74041684392851,
              1.3294726380442914
            ],
            [
              103.74041765063046,
              1.3294779846712144
            ],
            [
              103.74041845643382,
              1.3294833322024817
            ],
            [
              103.7404192622372,
              1.32948867882937
            ],
            [
              103.74042006804059,
              1.329494025456258
            ],
            [
              103.74042087384399,
              1.329499372083146
            ],
            [
              103.7404216796474,
              1.3295047187100337
            ],
            [
              103.7404224854508,
              1.3295100653369378
            ],
            [
              103.74042329125419,
              1.3295154119638248
            ],
            [
              103.74042409795615,
              1.3295207585907458
            ],
            [
              103.74042490375956,
              1.3295261052176326
            ],
            [
              103.74042570956297,
              1.3295314518445187
            ],
            [
              103.74042651536635,
              1.3295367993757836
            ],
            [
              103.74042732116976,
              1.3295421460026695
            ],
            [
              103.74042812697319,
              1.329547492629555
            ],
            [
              103.74042893277661,
              1.3295528392564402
            ],
            [
              103.74042973858002,
              1.3295581858833254
            ],
            [
              103.74043054528201,
              1.3295635325102444
            ],
            [
              103.74043135108545,
              1.3295688791371456
            ],
            [
              103.74043215688887,
              1.32957422576403
            ],
            [
              103.74043296269231,
              1.329579572390914
            ],
            [
              103.74043376849575,
              1.3295849190177982
            ],
            [
              103.74043457429916,
              1.3295902665490436
            ],
            [
              103.74043538010261,
              1.3295956131759434
            ],
            [
              103.74043618590605,
              1.3296009598028267
            ],
            [
              103.74043699260804,
              1.3296063064297436
            ],
            [
              103.7404377984115,
              1.3296116530566264
            ],
            [
              103.74043860421494,
              1.3296169996835085
            ],
            [
              103.74043941001841,
              1.3296223463103907
            ],
            [
              103.74044021582188,
              1.329627692937289
            ],
            [
              103.74044102162533,
              1.329633039564171
            ],
            [
              103.7404418274288,
              1.3296383861910523
            ],
            [
              103.74044263323223,
              1.329643733722295
            ],
            [
              103.74044343993425,
              1.3296490803492098
            ],
            [
              103.74044424573773,
              1.3296544269761073
            ],
            [
              103.74044505154119,
              1.3296597736029876
            ],
            [
              103.74044585734468,
              1.3296651202298675
            ],
            [
              103.74044666314816,
              1.3296704668567474
            ],
            [
              103.74044746895164,
              1.3296758134836268
            ],
            [
              103.74044827475512,
              1.3296811601105063
            ],
            [
              103.74044908055862,
              1.3296865067374024
            ],
            [
              103.74044988726067,
              1.3296918533643152
            ],
            [
              103.74045069306416,
              1.3296971999911935
            ],
            [
              103.74045149886761,
              1.3297025475224338
            ],
            [
              103.74045230467112,
              1.3297078941493117
            ],
            [
              103.74045311047463,
              1.3297132407762065
            ],
            [
              103.74045391627813,
              1.329718587403084
            ],
            [
              103.74045472208164,
              1.3297239340299614
            ],
            [
              103.74045552788515,
              1.3297292806568382
            ],
            [
              103.74045633458721,
              1.329734627283749
            ],
            [
              103.74045714039072,
              1.3297399739106255
            ],
            [
              103.74045794619425,
              1.3297453205375187
            ],
            [
              103.74045875199772,
              1.3297506680687567
            ],
            [
              103.74045955780126,
              1.3297560146956322
            ],
            [
              103.74046036360478,
              1.3297613613225079
            ],
            [
              103.7404611694083,
              1.3297667079493833
            ],
            [
              103.74046197521184,
              1.329772054576275
            ],
            [
              103.74046278191393,
              1.3297774012031838
            ],
            [
              103.74046358771747,
              1.3297827478300581
            ],
            [
              103.74046439352101,
              1.3297880944569325
            ],
            [
              103.74046519932455,
              1.3297934410838066
            ],
            [
              103.7404660051281,
              1.3297987877106803
            ],
            [
              103.74046681093162,
              1.3298041352419325
            ],
            [
              103.74046761673516,
              1.3298094818688055
            ],
            [
              103.74046842253871,
              1.3298148284956788
            ],
            [
              103.74046922924083,
              1.3298201751225855
            ],
            [
              103.74047003504438,
              1.3298255217494581
            ],
            [
              103.74047084084795,
              1.3298308683763471
            ],
            [
              103.74047164665151,
              1.329836215003219
            ],
            [
              103.74047245245508,
              1.329841561630091
            ],
            [
              103.74047325825865,
              1.3298469082569626
            ],
            [
              103.74047406406221,
              1.3298522548838336
            ],
            [
              103.74047486986576,
              1.3298576024150832
            ],
            [
              103.74047567656788,
              1.3298629490419882
            ],
            [
              103.74047648237146,
              1.3298682956688586
            ],
            [
              103.74047728817506,
              1.3298736422957287
            ],
            [
              103.74047809397864,
              1.3298789889225988
            ],
            [
              103.74047889978223,
              1.3298843355494685
            ],
            [
              103.74047970558583,
              1.3298896821763548
            ],
            [
              103.7404805113894,
              1.329895028803224
            ],
            [
              103.740481317193,
              1.3299003754300933
            ],
            [
              103.74048212389516,
              1.3299057220569956
            ],
            [
              103.74048292969871,
              1.3299110695882261
            ],
            [
              103.74048373550234,
              1.3299164162151114
            ],
            [
              103.74048454130595,
              1.3299217628419793
            ],
            [
              103.74048534710954,
              1.3299271094688467
            ],
            [
              103.74048615291316,
              1.3299324560957144
            ],
            [
              103.74048695871677,
              1.3299378027225817
            ],
            [
              103.74048776452038,
              1.3299431493494487
            ],
            [
              103.74048857122257,
              1.329948495976366
            ],
            [
              103.7404893770262,
              1.3299538426032325
            ],
            [
              103.74049018282982,
              1.3299591892300986
            ],
            [
              103.74049098863341,
              1.3299645367613266
            ],
            [
              103.74049179443705,
              1.329969883388192
            ],
            [
              103.74049260024067,
              1.3299752300150744
            ],
            [
              103.74049340604432,
              1.3299805766419397
            ],
            [
              103.74049421184795,
              1.3299859232688047
            ],
            [
              103.74049501855015,
              1.3299912698957035
            ],
            [
              103.7404958243538,
              1.3299966165225678
            ],
            [
              103.74049663015744,
              1.330001963149432
            ],
            [
              103.74049743596109,
              1.3300073097763125
            ],
            [
              103.74049824176474,
              1.3300126564031765
            ],
            [
              103.74049904756836,
              1.3300180039344018
            ],
            [
              103.74049985337203,
              1.3300233505612649
            ],
            [
              103.74050065917568,
              1.3300286971881279
            ],
            [
              103.7405014658779,
              1.3300340438150413
            ],
            [
              103.74050227168156,
              1.3300393904419037
            ],
            [
              103.74050307748523,
              1.330044737068766
            ],
            [
              103.7405038832889,
              1.330050083695628
            ],
            [
              103.74050468909257,
              1.3300554303224896
            ],
            [
              103.74050549489625,
              1.3300607769493509
            ],
            [
              103.74050630069995,
              1.3300661235762288
            ],
            [
              103.74050710650359,
              1.3300714711074517
            ],
            [
              103.74050791320582,
              1.3300768177343463
            ],
            [
              103.74050871900951,
              1.3300821643612069
            ],
            [
              103.7405095248132,
              1.3300875109880668
            ],
            [
              103.7405103306169,
              1.3300928576149436
            ],
            [
              103.74051113642058,
              1.3300982042418033
            ],
            [
              103.74051177421588,
              1.3301029811133755
            ],
            [
              103.74051225027061,
              1.330107776970442
            ],
            [
              103.74051256458502,
              1.3301125863868477
            ],
            [
              103.74051271626075,
              1.3301174039363717
            ],
            [
              103.74051279423543,
              1.330122745109512
            ],
            [
              103.74051287310866,
              1.3301280862826692
            ],
            [
              103.74051295108332,
              1.3301334283601711
            ],
            [
              103.74051302995655,
              1.3301387695333449
            ],
            [
              103.74051310793122,
              1.3301441107064675
            ],
            [
              103.74051318680446,
              1.3301494518796408
            ],
            [
              103.74051326477914,
              1.330154793052763
            ],
            [
              103.74051334365234,
              1.3301601351302978
            ],
            [
              103.74051342162703,
              1.3301654763034365
            ],
            [
              103.74051350050026,
              1.330170817476592
            ],
            [
              103.74051357847493,
              1.3301761586497305
            ],
            [
              103.74051365644962,
              1.3301814998228683
            ],
            [
              103.7405137353228,
              1.3301868419003853
            ],
            [
              103.74051381329748,
              1.330192183073523
            ],
            [
              103.74051389217071,
              1.3301975242466944
            ],
            [
              103.7405139701454,
              1.3302028654198146
            ],
            [
              103.74051404901863,
              1.3302082065929857
            ],
            [
              103.74051412699329,
              1.3302135477661223
            ],
            [
              103.74051420586649,
              1.330218889843638
            ],
            [
              103.74051428384116,
              1.3302242310167744
            ],
            [
              103.74051436181584,
              1.3302295721899104
            ],
            [
              103.74051444068907,
              1.3302349133630638
            ],
            [
              103.74051451866374,
              1.3302402545361993
            ],
            [
              103.74051459753693,
              1.3302455966137139
            ],
            [
              103.7405146755116,
              1.330250937786849
            ],
            [
              103.74051475438483,
              1.3302562789600183
            ],
            [
              103.7405148323595,
              1.3302616201331365
            ],
            [
              103.74051491123272,
              1.3302669613063047
            ],
            [
              103.74051498920737,
              1.3302723033838013
            ],
            [
              103.74051506808058,
              1.3302776445569526
            ],
            [
              103.74051514605526,
              1.3302829857300866
            ],
            [
              103.7405152510103,
              1.3302876920411428
            ],
            [
              103.74051542605268,
              1.3302923956417496
            ],
            [
              103.74051567297956,
              1.330297096531992
            ],
            [
              103.74051598999387,
              1.3303017929030774
            ],
            [
              103.74051637799418,
              1.330306483850662
            ],
            [
              103.7405168612166,
              1.330311835891477
            ],
            [
              103.74051734443906,
              1.3303171870279467
            ],
            [
              103.74051782766148,
              1.330322539068778
            ],
            [
              103.7405183108839,
              1.3303278911095922
            ],
            [
              103.74051879500486,
              1.330333243150457
            ],
            [
              103.74051927822732,
              1.3303385942869264
            ],
            [
              103.74051976144975,
              1.3303439463277398
            ],
            [
              103.74052024467217,
              1.3303492983685703
            ],
            [
              103.74052072789463,
              1.330354649505039
            ],
            [
              103.74052121111707,
              1.3303600015458688
            ],
            [
              103.7405216943395,
              1.330365353586682
            ],
            [
              103.74052217756197,
              1.3303707047231499
            ],
            [
              103.74052266168295,
              1.3303760567640133
            ],
            [
              103.74052314490538,
              1.3303814088048258
            ],
            [
              103.74052362812782,
              1.330386760845655
            ],
            [
              103.7405241113503,
              1.330392111982122
            ],
            [
              103.74052459457273,
              1.3303974640229341
            ],
            [
              103.74052507779517,
              1.3304028160637626
            ],
            [
              103.74052556101765,
              1.3304081672002293
            ],
            [
              103.7405260442401,
              1.3304135192410573
            ],
            [
              103.74052652746254,
              1.3304188712818688
            ],
            [
              103.74052701158354,
              1.3304242233227306
            ],
            [
              103.740527494806,
              1.3304295744591965
            ],
            [
              103.74052797802845,
              1.3304349265000073
            ],
            [
              103.7405284612509,
              1.3304402785408347
            ],
            [
              103.7405289444734,
              1.3304456296772997
            ],
            [
              103.74052942769585,
              1.33045098171811
            ],
            [
              103.7405299109183,
              1.3304563337589368
            ],
            [
              103.74053039414078,
              1.3304616848954016
            ],
            [
              103.7405308782618,
              1.3304670369362452
            ],
            [
              103.74053136148424,
              1.3304723889770715
            ],
            [
              103.74053184470671,
              1.3304777410178976
            ],
            [
              103.74053232792919,
              1.3304830921543616
            ],
            [
              103.74053281115165,
              1.3304884441951705
            ],
            [
              103.74053330785291,
              1.3304937835754236
            ],
            [
              103.74053383240951,
              1.3304991193392661
            ],
            [
              103.74053438482136,
              1.3305044532954398
            ],
            [
              103.7405349659871,
              1.3305097836352369
            ],
            [
              103.74053557590673,
              1.3305151103586748
            ],
            [
              103.74053621278311,
              1.3305204343700472
            ],
            [
              103.74053687841337,
              1.3305257547650609
            ],
            [
              103.74053757279752,
              1.330531071543698
            ],
            [
              103.74053829503701,
              1.3305363847059417
            ],
            [
              103.74053904513187,
              1.3305416933474137
            ],
            [
              103.74053982308207,
              1.3305469983724922
            ],
            [
              103.74054062888763,
              1.3305522988768155
            ],
            [
              103.74054146344709,
              1.3305575957647628
            ],
            [
              103.74054232586194,
              1.330562887227576
            ],
            [
              103.74054321613217,
              1.3305681741696507
            ],
            [
              103.74054413425775,
              1.3305734565909368
            ],
            [
              103.74054508113731,
              1.3305787335871395
            ],
            [
              103.7405460549737,
              1.3305840051581914
            ],
            [
              103.74054705666548,
              1.3305892722084707
            ],
            [
              103.74054808711125,
              1.3305945329293054
            ],
            [
              103.74054914451384,
              1.3305997891293335
            ],
            [
              103.74055022977186,
              1.330605038999866
            ],
            [
              103.74055134378385,
              1.3306102825409534
            ],
            [
              103.74055248475271,
              1.3306155206568722
            ],
            [
              103.74055365357702,
              1.3306207524433122
            ],
            [
              103.74055485025677,
              1.3306259779002563
            ],
            [
              103.74055607389339,
              1.33063119702767
            ],
            [
              103.74055732538548,
              1.3306364089212432
            ],
            [
              103.74055860473301,
              1.3306416144853197
            ],
            [
              103.740559911936,
              1.3306468137199001
            ],
            [
              103.74056124609592,
              1.330652004816227
            ],
            [
              103.74056260811129,
              1.3306571895830743
            ],
            [
              103.74056399708361,
              1.3306623662116677
            ],
            [
              103.74056541391141,
              1.3306675356064028
            ],
            [
              103.74056685769615,
              1.330672696862901
            ],
            [
              103.74056832843782,
              1.3306778508855068
            ],
            [
              103.740569827035,
              1.3306829967698925
            ],
            [
              103.74057135258913,
              1.3306881345160242
            ],
            [
              103.74057290599876,
              1.330693264123936
            ],
            [
              103.7405744854668,
              1.3306983855935592
            ],
            [
              103.74057609279039,
              1.3307034980206172
            ],
            [
              103.74057772707093,
              1.3307086023094208
            ],
            [
              103.74057926161636,
              1.3307135863141049
            ],
            [
              103.7405806568843,
              1.3307186110098854
            ],
            [
              103.74058191287487,
              1.3307236727792988
            ],
            [
              103.74058302779109,
              1.3307287680047966
            ],
            [
              103.74058400163308,
              1.330733893068964
            ],
            [
              103.7405848335025,
              1.3307390425455632
            ],
            [
              103.74058552250085,
              1.3307442146258532
            ],
            [
              103.74058606683128,
              1.3307494029791995
            ],
            [
              103.74058646829099,
              1.3307546048926011
            ],
            [
              103.74058672598159,
              1.3307598158441818
            ],
            [
              103.7405868381061,
              1.330765032216442
            ],
            [
              103.7405868064618,
              1.3307702494876412
            ],
            [
              103.74058669933271,
              1.3307756322544555
            ],
            [
              103.74058659220367,
              1.3307810141169245
            ],
            [
              103.74058648417602,
              1.3307863968837208
            ],
            [
              103.74058637704694,
              1.3307917796505513
            ],
            [
              103.74058626991788,
              1.3307971615130025
            ],
            [
              103.74058616278879,
              1.3308025442798321
            ],
            [
              103.74058605565969,
              1.3308079270466617
            ],
            [
              103.74058594763206,
              1.3308133098134567
            ],
            [
              103.74058584050297,
              1.330818691675924
            ],
            [
              103.74058573337389,
              1.3308240744427358
            ],
            [
              103.74058562624478,
              1.3308294572095642
            ],
            [
              103.74058551911573,
              1.3308348390720302
            ],
            [
              103.74058541108808,
              1.3308402218388242
            ],
            [
              103.74058530395898,
              1.3308456046056516
            ],
            [
              103.7405851968299,
              1.3308509864681002
            ],
            [
              103.7405850897008,
              1.3308563692349271
            ],
            [
              103.74058498257169,
              1.3308617520017538
            ],
            [
              103.74058487454403,
              1.3308671347685463
            ],
            [
              103.74058476741494,
              1.3308725166310107
            ],
            [
              103.74058466028583,
              1.3308778993978199
            ],
            [
              103.74058455315672,
              1.3308832821646452
            ],
            [
              103.74058444602765,
              1.3308886640271087
            ],
            [
              103.74058433889853,
              1.3308940467939339
            ],
            [
              103.74058423087087,
              1.3308994295607248
            ],
            [
              103.7405841237418,
              1.3309048114231703
            ],
            [
              103.74058401661267,
              1.3309101941899948
            ],
            [
              103.74058390948355,
              1.3309155769568186
            ],
            [
              103.74058380235445,
              1.3309209588192807
            ],
            [
              103.74058369432679,
              1.33092634158607
            ],
            [
              103.74058358719766,
              1.3309317243528762
            ],
            [
              103.74058348006855,
              1.3309371071196991
            ],
            [
              103.74058337293945,
              1.3309424889821602
            ],
            [
              103.74058326581033,
              1.3309478717489822
            ],
            [
              103.74058315778265,
              1.3309532545157703
            ],
            [
              103.74058305065356,
              1.3309586363782135
            ],
            [
              103.74058294352442,
              1.330964019145035
            ],
            [
              103.74058277260137,
              1.33096930876002
            ],
            [
              103.74058246959095,
              1.330974592943801
            ],
            [
              103.74058203629043,
              1.3309798671746706
            ],
            [
              103.74058147090282,
              1.3309851287394583
            ],
            [
              103.74058077612388,
              1.3309903749251633
            ],
            [
              103.74057995105517,
              1.3309956021143041
            ],
            [
              103.74057899569684,
              1.3310008066894334
            ],
            [
              103.74057791184612,
              1.3310059850331544
            ],
            [
              103.74057669950311,
              1.3310111353367606
            ],
            [
              103.74057536046506,
              1.331016253078476
            ],
            [
              103.74057389383351,
              1.3310213355451812
            ],
            [
              103.74057230140569,
              1.3310263800238757
            ],
            [
              103.74057058408032,
              1.3310313819927497
            ],
            [
              103.74056874365456,
              1.3310363396431646
            ],
            [
              103.74056678012859,
              1.331041249357655
            ],
            [
              103.74056469529955,
              1.331046108423204
            ],
            [
              103.74056249096473,
              1.331050913222431
            ],
            [
              103.74056016712426,
              1.3310556610422342
            ],
            [
              103.74055772647382,
              1.3310603491696291
            ],
            [
              103.74055498211291,
              1.3310650083458762
            ],
            [
              103.74055210836303,
              1.3310695879332604
            ],
            [
              103.74054910522439,
              1.3310740834099548
            ],
            [
              103.74054597808845,
              1.3310784911586822
            ],
            [
              103.7405427269553,
              1.3310828075620114
            ],
            [
              103.74053935631787,
              1.3310870299070263
            ],
            [
              103.7405358670748,
              1.3310911545762967
            ],
            [
              103.74053226371907,
              1.3310951770481825
            ],
            [
              103.74052854894641,
              1.3310990955140451
            ],
            [
              103.74052472455405,
              1.3311029063565043
            ],
            [
              103.74052079413633,
              1.3311066068626274
            ],
            [
              103.74051676128758,
              1.3311101934150524
            ],
            [
              103.74051262870358,
              1.3311136633008285
            ],
            [
              103.74050826970169,
              1.331116652961071
            ],
            [
              103.74050391159838,
              1.33111964171696
            ],
            [
              103.74049955259646,
              1.3311226313771858
            ],
            [
              103.74049519359457,
              1.3311256201330237
            ],
            [
              103.74049083459262,
              1.331128609793232
            ],
            [
              103.74048647648928,
              1.331131598549087
            ],
            [
              103.7404821174873,
              1.3311345882092613
            ],
            [
              103.74047775848537,
              1.3311375769650824
            ],
            [
              103.74047339948339,
              1.3311405666252396
            ],
            [
              103.74046904138,
              1.3311435553810769
            ],
            [
              103.74046468237799,
              1.331146545041217
            ],
            [
              103.74046032337603,
              1.3311495337970034
            ],
            [
              103.74045596437401,
              1.3311525234571264
            ],
            [
              103.74045160627055,
              1.3311555122129297
            ],
            [
              103.74044724726852,
              1.3311585018730356
            ],
            [
              103.74044533329732,
              1.331159814031746
            ],
            [
              103.7403295604999,
              1.331239210936406
            ],
            [
              103.74028049189235,
              1.3312716133176161
            ],
            [
              103.74021534891799,
              1.3312591740377542
            ],
            [
              103.74019609484803,
              1.331230786244049
            ],
            [
              103.7401762468665,
              1.331201523003881
            ],
            [
              103.74013612681034,
              1.331142371591922
            ],
            [
              103.74013590577808,
              1.3311420451083367
            ],
            [
              103.74013289578555,
              1.331137608187143
            ],
            [
              103.74012988669159,
              1.3311331712659975
            ],
            [
              103.74012687669912,
              1.3311287334404358
            ],
            [
              103.74012386760519,
              1.331124296519284
            ],
            [
              103.74012085761271,
              1.331119859598095
            ],
            [
              103.74011784851878,
              1.33111542267692
            ],
            [
              103.74011484930918,
              1.331110980329947
            ],
            [
              103.74011185009958,
              1.3311065379829707
            ],
            [
              103.74010884999146,
              1.3311020956359576
            ],
            [
              103.74010585078192,
              1.3310976523846134
            ],
            [
              103.74010285157236,
              1.331093210037628
            ],
            [
              103.7400998523628,
              1.33108876769064
            ],
            [
              103.74009685315328,
              1.3310843253436484
            ],
            [
              103.74009385304521,
              1.3310798829966197
            ],
            [
              103.74009085383568,
              1.3310754406496221
            ],
            [
              103.74008785462617,
              1.3310709983026217
            ],
            [
              103.74008485541668,
              1.3310665559556178
            ],
            [
              103.74008185620723,
              1.3310621127042495
            ],
            [
              103.74007885699774,
              1.3310576703572394
            ],
            [
              103.74007585688973,
              1.3310532280101923
            ],
            [
              103.74007285768029,
              1.3310487856631763
            ],
            [
              103.74006985847085,
              1.3310443433161574
            ],
            [
              103.7400668592614,
              1.3310399009691354
            ],
            [
              103.74006386005199,
              1.3310354586221098
            ],
            [
              103.74006085994405,
              1.3310310153706857
            ],
            [
              103.74005786073465,
              1.3310265730236543
            ],
            [
              103.74005486152527,
              1.33102213067662
            ],
            [
              103.74005186231587,
              1.3310176883295826
            ],
            [
              103.74004886310651,
              1.3310132459825421
            ],
            [
              103.74004586299858,
              1.3310088036354641
            ],
            [
              103.74004286378924,
              1.3310043612884175
            ],
            [
              103.74003986457991,
              1.330999918941368
            ],
            [
              103.74003686537061,
              1.3309954756899531
            ],
            [
              103.7400338661613,
              1.3309910333428971
            ],
            [
              103.74003086605343,
              1.330986590995804
            ],
            [
              103.74002786684413,
              1.3309821486487587
            ],
            [
              103.74002486763484,
              1.3309777063016937
            ],
            [
              103.74002186842557,
              1.3309732639546255
            ],
            [
              103.74001886921631,
              1.3309688216075544
            ],
            [
              103.74001586910853,
              1.330964378356084
            ],
            [
              103.74001286989929,
              1.3309599360090067
            ],
            [
              103.74000987069006,
              1.3309554936619261
            ],
            [
              103.74000687148083,
              1.3309510513148426
            ],
            [
              103.7400038722716,
              1.3309466089677564
            ],
            [
              103.74000087306241,
              1.3309421666206664
            ],
            [
              103.73999787295466,
              1.3309377242735396
            ],
            [
              103.7399948737455,
              1.330933281022082
            ],
            [
              103.73999187453634,
              1.3309288386749831
            ],
            [
              103.73998887532719,
              1.330924396327881
            ],
            [
              103.73998587611804,
              1.3309199539807763
            ],
            [
              103.73998287601033,
              1.330915511633634
            ],
            [
              103.7399798768012,
              1.3309110692865227
            ],
            [
              103.73997687759208,
              1.3309066269394088
            ],
            [
              103.73997387838297,
              1.3309021845922915
            ],
            [
              103.73997087917391,
              1.3308977413408092
            ],
            [
              103.73996787906626,
              1.3308932989936515
            ],
            [
              103.73996487985718,
              1.3308888566465251
            ],
            [
              103.73996188064812,
              1.3308844142993956
            ],
            [
              103.73995888413421,
              1.33087998551781
            ],
            [
              103.73995588762033,
              1.330875556736238
            ],
            [
              103.73995289110644,
              1.3308711279546466
            ],
            [
              103.73994989459257,
              1.3308666991730518
            ],
            [
              103.73994689807874,
              1.330862269487109
            ],
            [
              103.7399439015649,
              1.3308578407055083
            ],
            [
              103.73994090505106,
              1.330853411923904
            ],
            [
              103.73993790853723,
              1.330848983142314
            ],
            [
              103.73993491292195,
              1.3308445543607381
            ],
            [
              103.73993191640815,
              1.3308401255791418
            ],
            [
              103.73992891989435,
              1.3308356967975257
            ],
            [
              103.73992592338055,
              1.3308312680159062
            ],
            [
              103.73992292686683,
              1.330826838329939
            ],
            [
              103.73991993035305,
              1.3308224095483137
            ],
            [
              103.7399169338393,
              1.3308179807667022
            ],
            [
              103.73991393732555,
              1.3308135519850703
            ],
            [
              103.73991094081181,
              1.330809123203436
            ],
            [
              103.7399079146439,
              1.3308047441606699
            ],
            [
              103.73990480311106,
              1.3308004248026122
            ],
            [
              103.73990160890878,
              1.3307961687468464
            ],
            [
              103.73989833113852,
              1.330791976897683
            ],
            [
              103.73989497249588,
              1.3307878501596024
            ],
            [
              103.7398915338793,
              1.330783791245725
            ],
            [
              103.7398880170859,
              1.3307798010604635
            ],
            [
              103.73988442211561,
              1.3307758805082128
            ],
            [
              103.739880751664,
              1.3307720323021446
            ],
            [
              103.7398770066296,
              1.3307682573466544
            ],
            [
              103.73987318880944,
              1.3307645574505507
            ],
            [
              103.73986929910205,
              1.3307609335182298
            ],
            [
              103.739865340203,
              1.3307573882628623
            ],
            [
              103.7398613121123,
              1.3307539207801198
            ],
            [
              103.7398572175255,
              1.3307505346875184
            ],
            [
              103.73985305734118,
              1.330747229080764
            ],
            [
              103.73984883245775,
              1.330744007577321
            ],
            [
              103.73984454646948,
              1.330740869272981
            ],
            [
              103.73984020027481,
              1.330737816880847
            ],
            [
              103.73983579477226,
              1.330734851305331
            ],
            [
              103.73983133175892,
              1.3307319734508467
            ],
            [
              103.7398268139304,
              1.3307291842218918
            ],
            [
              103.73982224308376,
              1.3307264854272414
            ],
            [
              103.739817619219,
              1.3307238770668957
            ],
            [
              103.73981294593025,
              1.3307213609497148
            ],
            [
              103.73980822411608,
              1.3307189370757488
            ],
            [
              103.73980345647205,
              1.3307166081581703
            ],
            [
              103.73979864389675,
              1.330714373292667
            ],
            [
              103.7397937881872,
              1.3307122342880147
            ],
            [
              103.73978889203906,
              1.3307101920486948
            ],
            [
              103.73978395724943,
              1.330708246574775
            ],
            [
              103.73977898471678,
              1.3307063996750137
            ],
            [
              103.73977397803536,
              1.3307046513495304
            ],
            [
              103.73976893720511,
              1.3307030025027207
            ],
            [
              103.73976486769766,
              1.3307017498041325
            ],
            [
              103.7397605753483,
              1.3307005061406494
            ],
            [
              103.73975626232948,
              1.3306993339210897
            ],
            [
              103.73975215058225,
              1.330698286511358
            ],
            [
              103.73974782407961,
              1.3306972598937596
            ],
            [
              103.73974348050174,
              1.330696305624583
            ],
            [
              103.73973927979023,
              1.330695453553909
            ],
            [
              103.7397349613662,
              1.3306946503143564
            ],
            [
              103.73973063035976,
              1.3306939176146568
            ],
            [
              103.7397262876694,
              1.3306932563592058
            ],
            [
              103.73972193509225,
              1.3306926665480892
            ],
            [
              103.73971757352686,
              1.3306921481813239
            ],
            [
              103.73971320387179,
              1.3306917012589448
            ],
            [
              103.73970882792415,
              1.3306913257810198
            ],
            [
              103.73970444658244,
              1.3306910226519453
            ],
            [
              103.73970006074528,
              1.3306907909674106
            ],
            [
              103.73969567131117,
              1.3306906316317948
            ],
            [
              103.73969128097579,
              1.3306905437408394
            ],
            [
              103.7396868888406,
              1.3306905281988883
            ],
            [
              103.73968249760127,
              1.330690584101649
            ],
            [
              103.73967810725772,
              1.3306907132578791
            ],
            [
              103.73967371960718,
              1.3306909129545443
            ],
            [
              103.73966933644664,
              1.3306911859048165
            ],
            [
              103.7396692717505,
              1.3306911913285153
            ],
            [
              103.73966495777623,
              1.3306915293955925
            ],
            [
              103.73966058539295,
              1.3306919452356651
            ],
            [
              103.7396562201954,
              1.3306924334250685
            ],
            [
              103.73965610068703,
              1.3306924487946696
            ],
            [
              103.73965186398074,
              1.330692992155148
            ],
            [
              103.73964751674892,
              1.3306936223302814
            ],
            [
              103.73964318029705,
              1.3306943239505051
            ],
            [
              103.73963885642226,
              1.3306950970159206
            ],
            [
              103.73963454512457,
              1.3306959406221657
            ],
            [
              103.7396302482011,
              1.330696854769277
            ],
            [
              103.73963002086475,
              1.330696907213657
            ],
            [
              103.73962596655042,
              1.3306978385529422
            ],
            [
              103.73962170107107,
              1.3306988928775585
            ],
            [
              103.73961745356014,
              1.330700017743211
            ],
            [
              103.73961717680234,
              1.3307000955078827
            ],
            [
              103.73961322491627,
              1.3307012113411776
            ],
            [
              103.73960901603802,
              1.3307024736715087
            ],
            [
              103.73960482872242,
              1.330703805638652
            ],
            [
              103.73960450254292,
              1.3307039150541466
            ],
            [
              103.73960066296956,
              1.3307052063382123
            ],
            [
              103.73959652057657,
              1.3307066748659135
            ],
            [
              103.739592402442,
              1.3307082103174277
            ],
            [
              103.73958830946441,
              1.3307098135971518
            ],
            [
              103.7395842434409,
              1.3307114847051373
            ],
            [
              103.73958020437158,
              1.330713220928316
            ],
            [
              103.73957978833364,
              1.3307134081156222
            ],
            [
              103.73957619405347,
              1.3307150240754801
            ],
            [
              103.73957221428375,
              1.3307168923379753
            ],
            [
              103.7395682641639,
              1.3307188257157498
            ],
            [
              103.73956434638957,
              1.3307208233045458
            ],
            [
              103.73956046185934,
              1.330722885104414
            ],
            [
              103.73955661057326,
              1.3307250102109762
            ],
            [
              103.73955279522694,
              1.3307271986243525
            ],
            [
              103.73954901492195,
              1.3307294485357684
            ],
            [
              103.73954527145533,
              1.3307317608496538
            ],
            [
              103.73954156662428,
              1.330734133757355
            ],
            [
              103.73954125391964,
              1.3307343345140688
            ],
            [
              103.73953883405049,
              1.3307359514231654
            ],
            [
              103.73953641328283,
              1.3307375674278628
            ],
            [
              103.7395363378023,
              1.3307376180693211
            ],
            [
              103.73936348462503,
              1.3308560260737659
            ],
            [
              103.73925427413123,
              1.3309308407688487
            ],
            [
              103.73914241371676,
              1.3310076567127984
            ],
            [
              103.73914224658867,
              1.3310075744093153
            ],
            [
              103.7388793639121,
              1.331187651068235
            ]
          ]
        ]
      },
      "properties": {
        "SITE_ID": 1100,
        "SITE_GRP_ID": 1100,
        "NAME_GLS": "Town Hall Link",
        "LOCATION": "Town Hall Link",
        "GLS_FINAL": "2H2026 (CL)",
        "AREA_TYPE": null,
        "SALE_AGENT": "URA",
        "SITE_STATUS": "Upcoming",
        "SA_SQM": 37227.7,
        "GPR": 5,
        "HOUSING_UN": 1200,
        "HOTEL_RM": null,
        "COM_SQM": 83200,
        "DATE_LNCH_EST": "Jul-2026",
        "URL_WEB": "https://www.ura.gov.sg/corporate/land-sales/sites-for-application/town-hall-link-mar26",
        "URL_DOCS": null,
        "GFA_Cap": "office quantum 40,000 sqm of GFA",
        "DU_Cap": "max resi quantum of 102,000 sqm of GFA"
      }
    },
    {
      "type": "Feature",
      "geometry": {
        "type": "Polygon",
        "coordinates": [
          [
            [
              103.82704001481268,
              1.3043522817660995
            ],
            [
              103.8270141523092,
              1.3045674192261227
            ],
            [
              103.82690147472104,
              1.3045049363772496
            ],
            [
              103.82672062450662,
              1.3044052025592774
            ],
            [
              103.82636031686401,
              1.3042070733478348
            ],
            [
              103.82606014889757,
              1.3040412119949274
            ],
            [
              103.82605960977058,
              1.3040409135529885
            ],
            [
              103.82604983360086,
              1.3040355144668945
            ],
            [
              103.82608854134688,
              1.3039786137569152
            ],
            [
              103.8260887264482,
              1.303978344256737
            ],
            [
              103.82612740004757,
              1.3039214941904467
            ],
            [
              103.82619001838262,
              1.30376755701669
            ],
            [
              103.82625414408984,
              1.3037499817740266
            ],
            [
              103.8263738859053,
              1.3038469010735005
            ],
            [
              103.82672300278936,
              1.3041259817528046
            ],
            [
              103.82680649556188,
              1.3041901647395666
            ],
            [
              103.82684756264992,
              1.3042217344116769
            ],
            [
              103.82688293835669,
              1.3042488473588596
            ],
            [
              103.82693707569052,
              1.3042858975136429
            ],
            [
              103.82695767932687,
              1.3042999984216874
            ],
            [
              103.82704001481268,
              1.3043522817660995
            ]
          ]
        ]
      },
      "properties": {
        "SITE_ID": 1101,
        "SITE_GRP_ID": 1101,
        "NAME_GLS": "Orchard Boulevard",
        "LOCATION": "Orchard Boulevard",
        "GLS_FINAL": "2H2026 (CL)",
        "AREA_TYPE": null,
        "SALE_AGENT": "URA",
        "SITE_STATUS": "Upcoming",
        "SA_SQM": 3400,
        "GPR": 2.8,
        "HOUSING_UN": 110,
        "HOTEL_RM": null,
        "COM_SQM": null,
        "DATE_LNCH_EST": "Aug-2026",
        "URL_WEB": null,
        "URL_DOCS": null,
        "GFA_Cap": "no",
        "DU_Cap": "no"
      }
    },
    {
      "type": "Feature",
      "geometry": {
        "type": "MultiPolygon",
        "coordinates": [
          [
            [
              [
                103.92299489537473,
                1.3116097976313685
              ],
              [
                103.92299487201461,
                1.3116098573202084
              ],
              [
                103.92295249128368,
                1.3117161034841847
              ],
              [
                103.92293798462016,
                1.3117524702762433
              ],
              [
                103.92286070750653,
                1.3117220837292751
              ],
              [
                103.92293344386596,
                1.3115393725301472
              ],
              [
                103.92295072229888,
                1.3114959714981334
              ],
              [
                103.92297383717724,
                1.3114379078085077
              ],
              [
                103.92304816650606,
                1.3112512417673043
              ],
              [
                103.92306083040633,
                1.3112194384599867
              ],
              [
                103.92308720581906,
                1.3111532001093185
              ],
              [
                103.92313286978107,
                1.3111716700881202
              ],
              [
                103.92335700050963,
                1.3112623235343743
              ],
              [
                103.92335798802804,
                1.3112627232273433
              ],
              [
                103.92347152928428,
                1.3113086472210864
              ],
              [
                103.92347143854032,
                1.3113089094898094
              ],
              [
                103.92346962004423,
                1.311313519096952
              ],
              [
                103.92330475322628,
                1.3117315255379474
              ],
              [
                103.92312817694973,
                1.31165870171067
              ],
              [
                103.92310725215387,
                1.3116500712198842
              ],
              [
                103.92307438009496,
                1.3116367113384282
              ],
              [
                103.92299665008223,
                1.311605391508611
              ],
              [
                103.92299489537473,
                1.3116097976313685
              ]
            ]
          ],
          [
            [
              [
                103.92387243933126,
                1.3114708022353505
              ],
              [
                103.92385088599173,
                1.3115244516763926
              ],
              [
                103.9236206545107,
                1.3120975082237154
              ],
              [
                103.92338214859103,
                1.3120031239241658
              ],
              [
                103.92328526126614,
                1.311964782414957
              ],
              [
                103.92336193372113,
                1.3117703830678236
              ],
              [
                103.92341201784444,
                1.3116433995618144
              ],
              [
                103.92341509688939,
                1.311635592079364
              ],
              [
                103.92351343853919,
                1.3113862554727143
              ],
              [
                103.92352103866648,
                1.3113669859220565
              ],
              [
                103.92353396849613,
                1.3113342004642299
              ],
              [
                103.9235340493559,
                1.3113339336740362
              ],
              [
                103.92387243933126,
                1.3114708022353505
              ]
            ]
          ]
        ]
      },
      "properties": {
        "SITE_ID": 1102,
        "SITE_GRP_ID": 1102,
        "NAME_GLS": "East Coast Road",
        "LOCATION": "East Coast Road",
        "GLS_FINAL": "2H2026 (CL)",
        "AREA_TYPE": null,
        "SALE_AGENT": "URA",
        "SITE_STATUS": "Upcoming",
        "SA_SQM": 5500,
        "GPR": 1.6,
        "HOUSING_UN": 85,
        "HOTEL_RM": null,
        "COM_SQM": null,
        "DATE_LNCH_EST": "Sep-2026",
        "URL_WEB": null,
        "URL_DOCS": null,
        "GFA_Cap": "no",
        "DU_Cap": "no"
      }
    },
    {
      "type": "Feature",
      "geometry": {
        "type": "Polygon",
        "coordinates": [
          [
            [
              103.76936798658426,
              1.346447192723048
            ],
            [
              103.76933181945824,
              1.346483150180715
            ],
            [
              103.76929651587089,
              1.3465182485149187
            ],
            [
              103.76928499601752,
              1.3465297019791003
            ],
            [
              103.76919612061495,
              1.3466180577887317
            ],
            [
              103.76917055049205,
              1.3466434796849336
            ],
            [
              103.76912085337158,
              1.3466928882891942
            ],
            [
              103.76897477045996,
              1.346838118921895
            ],
            [
              103.76894133322304,
              1.3468713579277638
            ],
            [
              103.76892469502755,
              1.3468878992051663
            ],
            [
              103.76885802992015,
              1.3469541764516442
            ],
            [
              103.76880878207942,
              1.347003142826783
            ],
            [
              103.76880866077667,
              1.3470030270649682
            ],
            [
              103.76880821600002,
              1.3470026001933662
            ],
            [
              103.76880586003158,
              1.3470003410296112
            ],
            [
              103.76874496786354,
              1.346941930160726
            ],
            [
              103.76854311297099,
              1.3467483004625869
            ],
            [
              103.76783526700163,
              1.3460693013108171
            ],
            [
              103.76779758591265,
              1.3460331546769067
            ],
            [
              103.76776576059653,
              1.3460026270136063
            ],
            [
              103.76776377303058,
              1.346000720560797
            ],
            [
              103.76775781931815,
              1.345995009341864
            ],
            [
              103.76775678420243,
              1.3459940163223283
            ],
            [
              103.767756300789,
              1.345993553274941
            ],
            [
              103.76775618038494,
              1.3459934375131188
            ],
            [
              103.76775917361101,
              1.3459889637060443
            ],
            [
              103.76775971815486,
              1.3459883686493346
            ],
            [
              103.7677605322749,
              1.3459874769686013
            ],
            [
              103.76776426590484,
              1.3459833911536507
            ],
            [
              103.76778913790046,
              1.345956174091362
            ],
            [
              103.76779554482722,
              1.3459491636358916
            ],
            [
              103.76783779991703,
              1.3459056992417273
            ],
            [
              103.76788501160938,
              1.3458569091817159
            ],
            [
              103.76788787899626,
              1.3458539465630865
            ],
            [
              103.76793245783071,
              1.3458078758531273
            ],
            [
              103.76798142534649,
              1.3457576117252796
            ],
            [
              103.76805793270526,
              1.3456790788276272
            ],
            [
              103.7680581708304,
              1.3456788337514236
            ],
            [
              103.76813163107863,
              1.3456035338699588
            ],
            [
              103.7681814252828,
              1.3455524929112512
            ],
            [
              103.76818969226767,
              1.345543997539098
            ],
            [
              103.76822608587072,
              1.3455065958352928
            ],
            [
              103.76825365985839,
              1.3454782565246248
            ],
            [
              103.76827174119082,
              1.3454596759495565
            ],
            [
              103.76827837185134,
              1.3454528617456205
            ],
            [
              103.76828422163165,
              1.345447212341405
            ],
            [
              103.76828980362309,
              1.3454422330636013
            ],
            [
              103.76829472963938,
              1.345438225959379
            ],
            [
              103.76831151062322,
              1.345424576845372
            ],
            [
              103.76832734809494,
              1.345411801321436
            ],
            [
              103.76832941482884,
              1.3454101337298454
            ],
            [
              103.76841743522539,
              1.3453391299575315
            ],
            [
              103.76844864829647,
              1.3453139505892446
            ],
            [
              103.76847889629686,
              1.3452893716923544
            ],
            [
              103.76849448580174,
              1.3452751699787386
            ],
            [
              103.76850796187874,
              1.3452614574694057
            ],
            [
              103.76857804794444,
              1.3451884681324109
            ],
            [
              103.76858110672903,
              1.3451852821401047
            ],
            [
              103.76860911743142,
              1.345156110821822
            ],
            [
              103.76862040186602,
              1.3451443580098195
            ],
            [
              103.76862058338025,
              1.3451441690026107
            ],
            [
              103.76863208706953,
              1.3451321892010761
            ],
            [
              103.76863236383436,
              1.3451318808203745
            ],
            [
              103.7686330512516,
              1.345131184478521
            ],
            [
              103.76863357332978,
              1.3451306364479354
            ],
            [
              103.76863365150659,
              1.3451305595790861
            ],
            [
              103.76863368385565,
              1.3451305261184914
            ],
            [
              103.76863377461278,
              1.3451304311626968
            ],
            [
              103.76863385009395,
              1.3451303524850509
            ],
            [
              103.76863387166,
              1.3451303298765338
            ],
            [
              103.7686437695772,
              1.3451200222009223
            ],
            [
              103.76864753814073,
              1.3451200186839969
            ],
            [
              103.76865464665434,
              1.3451200116386801
            ],
            [
              103.76871852713082,
              1.3451199491317418
            ],
            [
              103.76872906423034,
              1.3451321700817733
            ],
            [
              103.76873208689624,
              1.3451356763811217
            ],
            [
              103.7687334167255,
              1.3451372174526162
            ],
            [
              103.76874556309825,
              1.3451513059569034
            ],
            [
              103.76874916082362,
              1.3451555502324797
            ],
            [
              103.7688242458216,
              1.3452441464313192
            ],
            [
              103.76882526206228,
              1.3452453456448805
            ],
            [
              103.7689605541653,
              1.3454049803204742
            ],
            [
              103.7691731390046,
              1.3456558158046446
            ],
            [
              103.76937607184179,
              1.3458952623624618
            ],
            [
              103.76950459805897,
              1.346046913107204
            ],
            [
              103.76951039000562,
              1.3460537475377476
            ],
            [
              103.7695108806049,
              1.3460543263435587
            ],
            [
              103.76958774744944,
              1.3461450234050234
            ],
            [
              103.76958673684825,
              1.3461688416105302
            ],
            [
              103.76958437937718,
              1.346224439128108
            ],
            [
              103.76944624719557,
              1.3463617649568165
            ],
            [
              103.76944159252844,
              1.3463663924641471
            ],
            [
              103.76939616279653,
              1.34641155700745
            ],
            [
              103.76936419924955,
              1.346443333702308
            ],
            [
              103.76936798658426,
              1.346447192723048
            ]
          ]
        ]
      },
      "properties": {
        "SITE_ID": 1103,
        "SITE_GRP_ID": 1103,
        "NAME_GLS": "De Souza Avenue",
        "LOCATION": "De Souza Avenue",
        "GLS_FINAL": "2H2026 (CL)",
        "AREA_TYPE": null,
        "SALE_AGENT": "URA",
        "SITE_STATUS": "Upcoming",
        "SA_SQM": 22200,
        "GPR": 1.6,
        "HOUSING_UN": 415,
        "HOTEL_RM": null,
        "COM_SQM": null,
        "DATE_LNCH_EST": "Nov-2026",
        "URL_WEB": null,
        "URL_DOCS": null,
        "GFA_Cap": "no",
        "DU_Cap": "no"
      }
    },
    {
      "type": "Feature",
      "geometry": {
        "type": "Polygon",
        "coordinates": [
          [
            [
              103.88069111035189,
              1.2968049955973031
            ],
            [
              103.87986980917778,
              1.296805407942133
            ],
            [
              103.87941967478478,
              1.2968056332771907
            ],
            [
              103.87941554058574,
              1.2968056351616595
            ],
            [
              103.87941550989517,
              1.296797888375648
            ],
            [
              103.87941548191799,
              1.29679112463383
            ],
            [
              103.87941543679484,
              1.296780289443197
            ],
            [
              103.87941537903262,
              1.2967661641746409
            ],
            [
              103.87941425360744,
              1.296492893268737
            ],
            [
              103.87941425290205,
              1.296453878078399
            ],
            [
              103.8794142514065,
              1.2963711558544682
            ],
            [
              103.87941424991239,
              1.2962885077883666
            ],
            [
              103.87941424959317,
              1.2962708482620888
            ],
            [
              103.87941424861073,
              1.2962165004753352
            ],
            [
              103.87941424605377,
              1.2960750406789872
            ],
            [
              103.87941424600463,
              1.29607232125483
            ],
            [
              103.8794142453801,
              1.2960377681989699
            ],
            [
              103.87941966090028,
              1.2960377445863402
            ],
            [
              103.87953754080367,
              1.2960380191606302
            ],
            [
              103.87959145879645,
              1.2960381447812737
            ],
            [
              103.87970713634539,
              1.2960370709805762
            ],
            [
              103.87976436995092,
              1.2960365390633959
            ],
            [
              103.8798697951219,
              1.2960355594982453
            ],
            [
              103.87986979511929,
              1.2960354166086565
            ],
            [
              103.87988483673448,
              1.296035419947947
            ],
            [
              103.88020408544189,
              1.2960279222672098
            ],
            [
              103.88023061492163,
              1.2960272995702253
            ],
            [
              103.88023389011296,
              1.2960273528667139
            ],
            [
              103.88047231857925,
              1.296027339368812
            ],
            [
              103.8806944923327,
              1.296023898612708
            ],
            [
              103.88070007587766,
              1.2960237312001963
            ],
            [
              103.88072887956565,
              1.2960228669898446
            ],
            [
              103.88072754015208,
              1.2960397849621426
            ],
            [
              103.88072743864045,
              1.2960410628311234
            ],
            [
              103.88071821995307,
              1.2961574954148016
            ],
            [
              103.88071743301369,
              1.29616742716076
            ],
            [
              103.88070681652007,
              1.2963015075398374
            ],
            [
              103.8807067716034,
              1.296302071864144
            ],
            [
              103.88069864093508,
              1.2963639305502521
            ],
            [
              103.88069111035189,
              1.2968049955973031
            ]
          ]
        ]
      },
      "properties": {
        "SITE_ID": 1104,
        "SITE_GRP_ID": 1104,
        "NAME_GLS": "Tamjong Rhu Close",
        "LOCATION": "Tanjong Rhu Close",
        "GLS_FINAL": "2H2026 (CL)",
        "AREA_TYPE": null,
        "SALE_AGENT": "URA",
        "SITE_STATUS": "Upcoming",
        "SA_SQM": 12300,
        "GPR": 3.5,
        "HOUSING_UN": 505,
        "HOTEL_RM": null,
        "COM_SQM": null,
        "DATE_LNCH_EST": "Nov-2026",
        "URL_WEB": null,
        "URL_DOCS": null,
        "GFA_Cap": "no",
        "DU_Cap": "no"
      }
    },
    {
      "type": "Feature",
      "geometry": {
        "type": "Polygon",
        "coordinates": [
          [
            [
              103.81270026899846,
              1.2675272522035375
            ],
            [
              103.81304567646986,
              1.2672493435922034
            ],
            [
              103.81366360194282,
              1.2679144997870415
            ],
            [
              103.81419385756273,
              1.268485500841922
            ],
            [
              103.81426474863757,
              1.268561840624945
            ],
            [
              103.81432006465046,
              1.2686214070336959
            ],
            [
              103.81433706567886,
              1.2686397151239182
            ],
            [
              103.81438187577393,
              1.2686116891839931
            ],
            [
              103.81442401694143,
              1.2686223248263624
            ],
            [
              103.8144306911727,
              1.268633255934898
            ],
            [
              103.81428929185655,
              1.2687171202730936
            ],
            [
              103.81424954053315,
              1.2687413533422005
            ],
            [
              103.81409912255407,
              1.2688339962734958
            ],
            [
              103.81400983480762,
              1.2688899522822044
            ],
            [
              103.81383934342114,
              1.2690010296225238
            ],
            [
              103.81378211916933,
              1.2690285960409202
            ],
            [
              103.81359018862776,
              1.2691542976870092
            ],
            [
              103.81351049903058,
              1.2692064906889875
            ],
            [
              103.81273828824126,
              1.2683750584943614
            ],
            [
              103.81274041598273,
              1.2683733926711276
            ],
            [
              103.81276583030038,
              1.268350024083703
            ],
            [
              103.8127875417871,
              1.2683231383910827
            ],
            [
              103.81278763882987,
              1.26832299821529
            ],
            [
              103.8128054435187,
              1.2682925737111646
            ],
            [
              103.81281850216966,
              1.2682598023419478
            ],
            [
              103.81282651736237,
              1.2682254265889834
            ],
            [
              103.81282930758698,
              1.268190228726592
            ],
            [
              103.81282680994006,
              1.2681550091172613
            ],
            [
              103.81281965066603,
              1.2681240716388877
            ],
            [
              103.81280803195777,
              1.2680945367949887
            ],
            [
              103.8127922080954,
              1.2680670521128357
            ],
            [
              103.81277252590831,
              1.2680422208065814
            ],
            [
              103.81274941668849,
              1.2680205854985613
            ],
            [
              103.81272338810375,
              1.2680026209843804
            ],
            [
              103.81269117042253,
              1.267984175298112
            ],
            [
              103.81265637839823,
              1.2679713131400854
            ],
            [
              103.81261995818392,
              1.267964384507051
            ],
            [
              103.81258290175916,
              1.267963578419233
            ],
            [
              103.81254621817693,
              1.2679689156851295
            ],
            [
              103.81251090570919,
              1.2679802516144467
            ],
            [
              103.81247792578928,
              1.2679972787309406
            ],
            [
              103.81244817695455,
              1.2680195312940308
            ],
            [
              103.81242246878872,
              1.2680464051946065
            ],
            [
              103.81240150125548,
              1.2680771679028708
            ],
            [
              103.81239205036356,
              1.2680912704932674
            ],
            [
              103.81238061911564,
              1.2681038003768084
            ],
            [
              103.81236746269762,
              1.268114477202429
            ],
            [
              103.81235287313484,
              1.2681230640288452
            ],
            [
              103.81233717569815,
              1.2681293691333209
            ],
            [
              103.81202440874,
              1.2682286730694572
            ],
            [
              103.81168670863721,
              1.267426938045723
            ],
            [
              103.81256515841798,
              1.2672862468946762
            ],
            [
              103.81259000182486,
              1.2674176422822139
            ],
            [
              103.81270026899846,
              1.2675272522035375
            ]
          ]
        ]
      },
      "properties": {
        "SITE_ID": 1105,
        "SITE_GRP_ID": 1105,
        "NAME_GLS": "Berlayar Close",
        "LOCATION": "Berlayar Close",
        "GLS_FINAL": "2H2026 (CL)",
        "AREA_TYPE": null,
        "SALE_AGENT": "URA",
        "SITE_STATUS": "Upcoming",
        "SA_SQM": 28200,
        "GPR": 2.1,
        "HOUSING_UN": 695,
        "HOTEL_RM": null,
        "COM_SQM": null,
        "DATE_LNCH_EST": "Dec-2026",
        "URL_WEB": null,
        "URL_DOCS": null,
        "GFA_Cap": "no",
        "DU_Cap": "no"
      }
    },
    {
      "type": "Feature",
      "geometry": {
        "type": "Polygon",
        "coordinates": [
          [
            [
              103.78560616399757,
              1.3273474670955612
            ],
            [
              103.78567953454372,
              1.3278178591338363
            ],
            [
              103.7857259607615,
              1.3281154998858222
            ],
            [
              103.7857620611641,
              1.3283469463972521
            ],
            [
              103.78577064310787,
              1.3284019653733756
            ],
            [
              103.78578231120967,
              1.3284767709953744
            ],
            [
              103.7855733295241,
              1.328538398460735
            ],
            [
              103.7851043656508,
              1.328676693722106
            ],
            [
              103.78461845549057,
              1.3288348583428513
            ],
            [
              103.7845274007372,
              1.3288644970729184
            ],
            [
              103.7840111620746,
              1.3290429549011067
            ],
            [
              103.78399271377529,
              1.3290462491292867
            ],
            [
              103.78397505713632,
              1.3290478612557446
            ],
            [
              103.78395908081528,
              1.3290484677628176
            ],
            [
              103.78394325188721,
              1.3290475676019045
            ],
            [
              103.78392660528783,
              1.3290459728726844
            ],
            [
              103.78391023097988,
              1.3290429085569273
            ],
            [
              103.78389547408605,
              1.3290390918425807
            ],
            [
              103.78388041979832,
              1.3290338778793995
            ],
            [
              103.78386738189384,
              1.3290273752376887
            ],
            [
              103.78385499095754,
              1.3290204475577518
            ],
            [
              103.78384247244361,
              1.3290126589204276
            ],
            [
              103.78383086239407,
              1.3290036078088567
            ],
            [
              103.78381993890285,
              1.3289914330369552
            ],
            [
              103.78381193120994,
              1.3289799058486538
            ],
            [
              103.78380405296127,
              1.3289657551022367
            ],
            [
              103.78379780199073,
              1.3289518612280862
            ],
            [
              103.7837883912969,
              1.3289131433957684
            ],
            [
              103.78377546035345,
              1.3288599448119534
            ],
            [
              103.78373703949748,
              1.3287018774431545
            ],
            [
              103.78368524565353,
              1.3284887909952279
            ],
            [
              103.78352108960917,
              1.3278134337675196
            ],
            [
              103.78354158308666,
              1.3278063114100633
            ],
            [
              103.78359682391196,
              1.327787113780219
            ],
            [
              103.7839694930171,
              1.3276576045773458
            ],
            [
              103.78426776485585,
              1.3275539487019954
            ],
            [
              103.7842962752876,
              1.327544041056205
            ],
            [
              103.78437933374266,
              1.3275151763092132
            ],
            [
              103.78459887277117,
              1.3274388821724485
            ],
            [
              103.78470016476572,
              1.327405990641739
            ],
            [
              103.78485234215238,
              1.32736000039456
            ],
            [
              103.78511080027769,
              1.3272818901104944
            ],
            [
              103.78522659491279,
              1.327249799204467
            ],
            [
              103.78523415089028,
              1.3272480765383878
            ],
            [
              103.78534371301176,
              1.3272231037560192
            ],
            [
              103.78534750043345,
              1.3272223360246969
            ],
            [
              103.78534791826289,
              1.3272222510226044
            ],
            [
              103.78535212441244,
              1.327221404619756
            ],
            [
              103.78539848190381,
              1.3272125617459576
            ],
            [
              103.78541537658188,
              1.3272095532554251
            ],
            [
              103.78546193532705,
              1.3272018544051545
            ],
            [
              103.78551176390336,
              1.3271945779557435
            ],
            [
              103.78558092490044,
              1.3271861081201342
            ],
            [
              103.78558099408927,
              1.3271861008865597
            ],
            [
              103.78560616399757,
              1.3273474670955612
            ]
          ]
        ]
      },
      "properties": {
        "SITE_ID": 1106,
        "SITE_GRP_ID": 1106,
        "NAME_GLS": "Holland Plain",
        "LOCATION": "Holland Plain",
        "GLS_FINAL": "2H2026 (CL)",
        "AREA_TYPE": null,
        "SALE_AGENT": "URA",
        "SITE_STATUS": "Upcoming",
        "SA_SQM": 34200,
        "GPR": 1.8,
        "HOUSING_UN": 610,
        "HOTEL_RM": null,
        "COM_SQM": null,
        "DATE_LNCH_EST": "Dec-2026",
        "URL_WEB": null,
        "URL_DOCS": null,
        "GFA_Cap": "no",
        "DU_Cap": "yes, 610 units"
      }
    },
    {
      "type": "Feature",
      "geometry": {
        "type": "Polygon",
        "coordinates": [
          [
            [
              103.74029323738029,
              1.3412440021179417
            ],
            [
              103.74029311607504,
              1.3412439975914923
            ],
            [
              103.73994522577738,
              1.3412399345191597
            ],
            [
              103.73990901381933,
              1.3412411359316094
            ],
            [
              103.73979765531564,
              1.341244658668259
            ],
            [
              103.73971505942971,
              1.3412545944428476
            ],
            [
              103.73965110872037,
              1.3412622790682658
            ],
            [
              103.73950663730942,
              1.341292623930707
            ],
            [
              103.73936531935921,
              1.3413354762502983
            ],
            [
              103.7392282331505,
              1.3413905104983803
            ],
            [
              103.73914645913389,
              1.3414319488751234
            ],
            [
              103.73907159660124,
              1.3414088720499298
            ],
            [
              103.73899217488147,
              1.3412659198857637
            ],
            [
              103.7389619683223,
              1.3412115511072575
            ],
            [
              103.73890477721645,
              1.3411086124516935
            ],
            [
              103.73888974011075,
              1.3410780841814391
            ],
            [
              103.73885466311665,
              1.3410068560727215
            ],
            [
              103.73883785460423,
              1.3409619999061562
            ],
            [
              103.73881485476055,
              1.3409005981730189
            ],
            [
              103.73880793056925,
              1.340874558572449
            ],
            [
              103.73880186258117,
              1.340851728590356
            ],
            [
              103.73879542623783,
              1.3408275013527062
            ],
            [
              103.73878585168325,
              1.3407914593913801
            ],
            [
              103.7387856980519,
              1.3407908824016317
            ],
            [
              103.73877443998147,
              1.340721454900488
            ],
            [
              103.73876753889039,
              1.3406788536962244
            ],
            [
              103.73876753439954,
              1.3406788030517087
            ],
            [
              103.7387651780355,
              1.340640930035231
            ],
            [
              103.73876517174922,
              1.3406408350768364
            ],
            [
              103.73876050213778,
              1.3405654598344636
            ],
            [
              103.73876376189895,
              1.3404772112891
            ],
            [
              103.73876461011591,
              1.3404543652971725
            ],
            [
              103.73876738306684,
              1.3404543654049301
            ],
            [
              103.73877269803917,
              1.3404543665158242
            ],
            [
              103.74030439583551,
              1.340454424647336
            ],
            [
              103.74030098179216,
              1.340751233841212
            ],
            [
              103.74030058339845,
              1.340831445425042
            ],
            [
              103.74029846244198,
              1.340912343354686
            ],
            [
              103.74029711767241,
              1.3409976726941448
            ],
            [
              103.74029580622731,
              1.341080934660307
            ],
            [
              103.74029448577447,
              1.3411647754185687
            ],
            [
              103.74029341031749,
              1.3412330412413367
            ],
            [
              103.74029323738029,
              1.3412440021179417
            ]
          ]
        ]
      },
      "properties": {
        "SITE_ID": 1107,
        "SITE_GRP_ID": 1107,
        "NAME_GLS": "Jurong East Avenue 1 (EC)",
        "LOCATION": "Jurong East Avenue 1 (EC)",
        "GLS_FINAL": "2H2026 (CL)",
        "AREA_TYPE": null,
        "SALE_AGENT": "HDB",
        "SITE_STATUS": "Upcoming",
        "SA_SQM": 14900,
        "GPR": 5,
        "HOUSING_UN": 735,
        "HOTEL_RM": null,
        "COM_SQM": null,
        "DATE_LNCH_EST": "Dec-2026",
        "URL_WEB": null,
        "URL_DOCS": null,
        "GFA_Cap": "no",
        "DU_Cap": "no"
      }
    }
  ]
}